learner,stock_id,n_segments,baseline_rmspe,challenger_rmspe,improvement_pct
fixed_hgb,0,3830,0.2660025535551988,0.26551910067978624,0.1817474565379496
fixed_hgb,1,3830,0.20832278663798087,0.20763244622627422,0.3313801734547225
fixed_hgb,2,3830,0.2044100695891708,0.2038486855640092,0.27463618905364046
fixed_hgb,3,3830,0.22591973132197557,0.22538356653079342,0.23732534916041642
fixed_hgb,4,3830,0.2613148711443133,0.26129812878217146,0.006406968753257234
fixed_hgb,5,3830,0.2574069307308033,0.25748441771166963,-0.030102911621825806
fixed_hgb,6,3830,0.21054934994475602,0.20992142522017315,0.29823161398865533
fixed_hgb,7,3830,0.24337982941662042,0.24428134849945823,-0.37041651520536595
fixed_hgb,8,3830,0.21718195592297032,0.21731214336592236,-0.05994394994684302
fixed_hgb,9,3830,0.26282690684784477,0.2625819676053527,0.09319412743151191
fixed_hgb,10,3830,0.184372062073653,0.18379317187420183,0.31397934857392934
fixed_hgb,11,3830,0.23824461318830306,0.23819261937293812,0.02182371079418601
fixed_hgb,13,3829,0.20883836484264937,0.2082557112037593,0.2789974147370252
fixed_hgb,14,3830,0.18233367330628117,0.18306219500525078,-0.3995541173274424
fixed_hgb,15,3830,0.20744669011472766,0.20667672517325966,0.37116279900256416
fixed_hgb,16,3830,0.27659116609649753,0.2771258278645934,-0.19330399290819106
fixed_hgb,17,3830,0.20560495538876533,0.2065398481555329,-0.45470342142281034
fixed_hgb,18,3830,0.30636417332279486,0.3078791529181461,-0.49450285877748845
fixed_hgb,19,3830,0.24637591252486218,0.24552902404388835,0.3437383436939572
fixed_hgb,20,3830,0.18981654960426425,0.1896672652626912,0.07864664165705257
fixed_hgb,21,3830,0.23353945154215003,0.23448873490534455,-0.4064766603355644
fixed_hgb,22,3830,0.22413233620060286,0.22383462030187057,0.13283040893565015
fixed_hgb,23,3830,0.212862266816771,0.21341505778839484,-0.2596942050324351
fixed_hgb,26,3830,0.21588809021518568,0.21446940735420383,0.6571380846288365
fixed_hgb,27,3830,0.28771396529168924,0.28461645842060024,1.076592465002073
fixed_hgb,28,3830,0.22212154243106097,0.2218871464623364,0.10552599543437788
fixed_hgb,29,3830,0.18892460105894904,0.18932291086359712,-0.21083003611784865
fixed_hgb,30,3830,0.2757614700776938,0.27432880815692223,0.5195294035703862
fixed_hgb,31,3830,0.6387941566879372,0.6384008629518727,0.061568148666798106
fixed_hgb,32,3830,0.20638420525208095,0.20542052759739762,0.4669338205926564
fixed_hgb,33,3830,0.30511318719019126,0.3057717855344683,-0.21585377883602472
fixed_hgb,34,3830,0.20230229613240783,0.20173128129215379,0.28225821019861763
fixed_hgb,35,3830,0.18078750989633224,0.18052158805351531,0.14709082666685072
fixed_hgb,36,3830,0.19765052532781255,0.19719116433695655,0.2324107108210964
fixed_hgb,37,3830,0.31907352420197466,0.31831173311385025,0.23875095560802215
fixed_hgb,38,3815,0.2480792402889001,0.24757315535805233,0.2040013224236005
fixed_hgb,39,3830,0.21277372078574433,0.2128043040114683,-0.014373591631066237
fixed_hgb,40,3830,0.25626426879944936,0.25643462564694863,-0.06647701932749575
fixed_hgb,41,3830,0.22676418589909064,0.22648456173583553,0.12331054930320516
fixed_hgb,42,3830,0.22532759732728638,0.2244035976391675,0.41006947177303565
fixed_hgb,43,3830,0.20855038800621378,0.20867606764211777,-0.060263439020905175
fixed_hgb,44,3830,0.18989708812919126,0.18971495770763658,0.0959100654722916
fixed_hgb,46,3830,0.2208182569571855,0.22097891452135998,-0.07275556214794474
fixed_hgb,47,3830,0.2282767438618818,0.22897698357690513,-0.3067503518654601
fixed_hgb,48,3830,0.21291550407677584,0.212696602591568,0.1028114350605982
fixed_hgb,50,3830,0.1853303576719509,0.18491321149481446,0.2250824864185675
fixed_hgb,51,3830,0.19118775130957097,0.1905219037178225,0.3482689592757128
fixed_hgb,52,3830,0.20328752691208618,0.20358297336103465,-0.1453342728086979
fixed_hgb,53,3830,0.21515637392296974,0.21557044174354822,-0.19244971135585728
fixed_hgb,55,3830,0.23509064585415498,0.23434888705077642,0.31552033926468426
fixed_hgb,56,3830,0.16484698653920687,0.1645638244060492,0.17177270819587356
fixed_hgb,58,3830,0.2664075083004351,0.26491894272419814,0.5587551138229362
fixed_hgb,59,3830,0.21959412906357123,0.21874357891563842,0.3873282731008628
fixed_hgb,60,3830,0.2914000957169487,0.29239882684799984,-0.3427353476305175
fixed_hgb,61,3830,0.17759792355576168,0.17667381088258133,0.5203397960281891
fixed_hgb,62,3830,0.21849974951792442,0.21774198721390228,0.34680236736837705
fixed_hgb,63,3830,0.19942145727991994,0.2001311663073258,-0.35588398414402717
fixed_hgb,64,3830,0.2042487672044668,0.2048134734671362,-0.27647964313247253
fixed_hgb,66,3830,0.24964799048439187,0.24880411716264514,0.33802528116063274
fixed_hgb,67,3830,0.1992675426415196,0.19895252306960196,0.1580887523084324
fixed_hgb,68,3830,0.22294074722521318,0.22291048970869623,0.013571999239053483
fixed_hgb,69,3830,0.20477053683421778,0.20472336114748943,0.023038317649450076
fixed_hgb,70,3830,0.22923778254558597,0.2279614572248893,0.5567691793750665
fixed_hgb,72,3830,0.23289146390198193,0.23262650446784344,0.11376949146148134
fixed_hgb,73,3830,0.19510246169897058,0.1950850747016176,0.008911726280426444
fixed_hgb,74,3830,0.22588604268236118,0.2253165017635054,0.2521363923563261
fixed_hgb,75,3829,0.26287667859398867,0.26261552474160277,0.09934462569395458
fixed_hgb,76,3830,0.18877183688668317,0.18832897916028188,0.2345994687052454
fixed_hgb,77,3830,0.1694313388285856,0.1689510451994974,0.28347390300333164
fixed_hgb,78,3830,0.22454222424957654,0.22437428949701446,0.07478983212325305
fixed_hgb,80,3820,0.2585829503314831,0.2603514111905364,-0.683904664552041
fixed_hgb,81,3830,0.24717109143860116,0.2507351507482895,-1.4419401916885064
fixed_hgb,82,3830,0.23362478916580298,0.23242456469395972,0.5137402054503137
fixed_hgb,83,3830,0.24814183844446006,0.247644600793377,0.20038444713721804
fixed_hgb,84,3830,0.1799568850073878,0.17975922526229637,0.10983727856997934
fixed_hgb,85,3830,0.2212334116435195,0.21995287303222558,0.5788179108123609
fixed_hgb,86,3830,0.2214744099307648,0.22109751030976446,0.17017750317888694
fixed_hgb,87,3830,0.2107947651078174,0.21002127900481724,0.366938003704471
fixed_hgb,88,3830,0.2980061347844178,0.2989137408755147,-0.30455953255911633
fixed_hgb,89,3830,0.2553595007984992,0.25531895969876073,0.01587608826445632
fixed_hgb,90,3830,0.25282680422395737,0.2525159024848674,0.12297024441070933
fixed_hgb,93,3830,0.21114227019601586,0.21105706253976642,0.04035556507483991
fixed_hgb,94,3830,0.22395513451123827,0.2225662272149929,0.6201721158465726
fixed_hgb,95,3830,0.20159611046272904,0.20064849718778163,0.47005533627227697
fixed_hgb,96,3830,0.1733416262950953,0.17353336986446463,-0.11061599770784489
fixed_hgb,97,3830,0.24566972136278445,0.24461855385539494,0.4278783325671766
fixed_hgb,98,3830,0.26986470034050397,0.2701693389124745,-0.11288566885041654
fixed_hgb,99,3830,0.22007038459396752,0.22029486374625984,-0.10200334438751675
fixed_hgb,100,3829,0.21470514824762818,0.21460701708964502,0.04570507916744362
fixed_hgb,101,3830,0.197737939335185,0.19796553646051848,-0.11510038291017609
fixed_hgb,102,3830,0.22994470216245574,0.2294388737258569,0.2199782955823382
fixed_hgb,103,3830,0.271806000654305,0.27220515905797343,-0.14685415432608864
fixed_hgb,104,3830,0.22970914397208683,0.22867891999618326,0.44849062518328175
fixed_hgb,105,3830,0.22180829799285648,0.22026139242239542,0.6974065372932414
fixed_hgb,107,3830,0.2268917820175517,0.22711544989784263,-0.09857910158845326
fixed_hgb,108,3830,0.205009654213978,0.20457615961880599,0.21145082012554556
fixed_hgb,109,3830,0.19131158652423738,0.19085271891852074,0.2398535363452809
fixed_hgb,110,3830,0.2897937221625073,0.2899066537823786,-0.038969657116303985
fixed_hgb,111,3830,0.2181394163877549,0.21783306966141947,0.14043620882842792
fixed_hgb,112,3830,0.27627604828621277,0.27486708908312196,0.5099823932732579
fixed_hgb,113,3830,0.19944315115249456,0.19966441884664157,-0.11094273875458036
fixed_hgb,114,3830,0.2166910859088808,0.21667465382383272,0.007583184596250576
fixed_hgb,115,3830,0.23309354239212796,0.23328593958273894,-0.0825407639510308
fixed_hgb,116,3830,0.24330082414503904,0.24322023985479513,0.033121256587223126
fixed_hgb,118,3830,0.22855957376743102,0.22837371521076713,0.08131733604517985
fixed_hgb,119,3830,0.1883478805082367,0.188238334333834,0.05816161780377032
fixed_hgb,120,3830,0.1891969825529319,0.18892569523637595,0.1433888177788769
fixed_hgb,122,3830,0.20717579333025063,0.20706333129323287,0.05428338668817662
fixed_hgb,123,3830,0.20110634015094173,0.20141579951850438,-0.15387847410996197
fixed_hgb,124,3830,0.17278470570302296,0.17248476992234738,0.1735893113080861
fixed_hgb,125,3830,0.21713245448744356,0.2172934748008079,-0.07415764434867463
fixed_hgb,126,3830,0.22896044534215373,0.22828322161614498,0.295781974478923
nested_ridge,0,3830,0.2738137419416861,0.2721387460394768,0.6117282099618077
nested_ridge,1,3830,0.21335064306530513,0.21210302714298296,0.5847725155158234
nested_ridge,2,3830,0.2096486398928502,0.20853542786954396,0.530989384846571
nested_ridge,3,3830,0.23158474545151425,0.22923021038134497,1.0167055975896457
nested_ridge,4,3830,0.265441916990731,0.26347551089240134,0.7408046628891394
nested_ridge,5,3830,0.26285351540013946,0.2619649583895558,0.3380426581820734
nested_ridge,6,3830,0.21481883293221138,0.21287091366853556,0.9067730408397259
nested_ridge,7,3830,0.24651979316236772,0.24657108429933483,-0.020806092812730378
nested_ridge,8,3830,0.21999413847659047,0.21915871791529054,0.37974673647444634
nested_ridge,9,3830,0.2646804761712348,0.2640904665212835,0.22291392946173
nested_ridge,10,3830,0.1911910515149356,0.19004242149669454,0.6007760348299197
nested_ridge,11,3830,0.2385600862412482,0.23722653934573482,0.5589983289010062
nested_ridge,13,3829,0.21527271576790025,0.21529661109301487,-0.01110002492856029
nested_ridge,14,3830,0.18826357916176623,0.1881557837513363,0.05725770800166838
nested_ridge,15,3830,0.21559049025167448,0.21451949999799055,0.49677063790415055
nested_ridge,16,3830,0.2812470807312468,0.27918789661612997,0.7321619516060188
nested_ridge,17,3830,0.20591086667096886,0.20434530991085714,0.7603079844316178
nested_ridge,18,3830,0.30790334481323284,0.30933665311081626,-0.4655059198700282
nested_ridge,19,3830,0.24489373817165705,0.24405463030706903,0.34264161707550456
nested_ridge,20,3830,0.18973789153914622,0.18832685539036795,0.7436765199254629
nested_ridge,21,3830,0.24138151641484157,0.24117783594821393,0.08438113640714272
nested_ridge,22,3830,0.22802251587246877,0.22563214939344414,1.0483028265338252
nested_ridge,23,3830,0.2170192234534571,0.21606619579582934,0.4391443497318308
nested_ridge,26,3830,0.222840626641223,0.22177901919814128,0.47639762061472535
nested_ridge,27,3830,0.28456263456308123,0.2841681678842733,0.13862209260664263
nested_ridge,28,3830,0.22460060803073048,0.22482205707341085,-0.09859681352691281
nested_ridge,29,3830,0.18965911891510728,0.19215283693649202,-1.3148421418644987
nested_ridge,30,3830,0.2756333861315079,0.27486067234999045,0.2803411416746053
nested_ridge,31,3830,0.5151374727353105,0.5111334398081937,0.7772746381380379
nested_ridge,32,3830,0.22244511394291214,0.22272553746727208,-0.1260641420210801
nested_ridge,33,3830,0.30499334040236287,0.3044722032259215,0.17086837888127507
nested_ridge,34,3830,0.2071484628590969,0.2048550903521161,1.1071153873542214
nested_ridge,35,3830,0.18558630873358764,0.18473148924784502,0.46060482132317615
nested_ridge,36,3830,0.20058092703081548,0.2002098090915941,0.18502154951370636
nested_ridge,37,3830,0.3197676245478894,0.31987700688229953,-0.03420681958181667
nested_ridge,38,3815,0.24957017873341517,0.2477595363809137,0.725504289691421
nested_ridge,39,3830,0.21167838368333788,0.2100101467098756,0.7880998259878468
nested_ridge,40,3830,0.2542455185279604,0.2538400511883564,0.1594786574613363
nested_ridge,41,3830,0.23932737699349277,0.23996251210086308,-0.26538339046250653
nested_ridge,42,3830,0.22863332243072937,0.22650280774264536,0.9318478450268348
nested_ridge,43,3830,0.2173062879164831,0.21602499103556166,0.5896271540075603
nested_ridge,44,3830,0.19442021127123166,0.1939021815315671,0.26644850156132294
nested_ridge,46,3830,0.22564152396341214,0.22632347727151333,-0.30222863953523704
nested_ridge,47,3830,0.23992292194019732,0.24038587219261376,-0.1929579085952582
nested_ridge,48,3830,0.21642038402938452,0.21501600163115095,0.6489141050793471
nested_ridge,50,3830,0.18863965374133465,0.1875215989625602,0.5926934006714906
nested_ridge,51,3830,0.19944490539099452,0.2000723492872249,-0.3145950983307011
nested_ridge,52,3830,0.21069798315673544,0.21146005309152552,-0.3616882911609026
nested_ridge,53,3830,0.21266672993548275,0.21257903336373396,0.04123662021576678
nested_ridge,55,3830,0.2403984820647249,0.2389777703726901,0.5909819728613217
nested_ridge,56,3830,0.16822525868825505,0.16647347158640907,1.041334170329491
nested_ridge,58,3830,0.27636835477237953,0.27508424282721344,0.46463783678261555
nested_ridge,59,3830,0.2201056883755114,0.21907235536767197,0.4694712869376201
nested_ridge,60,3830,0.2970330272863437,0.2957468702429135,0.4330013585291599
nested_ridge,61,3830,0.17894515938248448,0.17818438121978378,0.4251459862485502
nested_ridge,62,3830,0.22097268420160512,0.21956388098919183,0.6375463182263602
nested_ridge,63,3830,0.2040114727581731,0.20255215924295333,0.715309534062128
nested_ridge,64,3830,0.20500114230834504,0.20524354098926847,-0.11824260011138783
nested_ridge,66,3830,0.2516190054648461,0.25072991106002884,0.35334946308000015
nested_ridge,67,3830,0.2016465297082619,0.20064823298005846,0.49507260533953495
nested_ridge,68,3830,0.22477219091341588,0.2240893216606265,0.30380504368194833
nested_ridge,69,3830,0.2057476613223565,0.2054086961542967,0.16474800533880032
nested_ridge,70,3830,0.23326786250345832,0.2327588104306511,0.2182264060483975
nested_ridge,72,3830,0.23829053254042357,0.23737317507134528,0.38497436692020626
nested_ridge,73,3830,0.20119596232800954,0.1995485900416414,0.818789933608321
nested_ridge,74,3830,0.2312129289896027,0.2302493430795573,0.41675260732877106
nested_ridge,75,3829,0.26138121878066495,0.2607878371329115,0.22701770636833526
nested_ridge,76,3830,0.19183476351053863,0.18995715575244934,0.9787630373814603
nested_ridge,77,3830,0.1763670641220262,0.1759246508822511,0.2508479924965008
nested_ridge,78,3830,0.22846861170025137,0.226657066280436,0.7929077899734012
nested_ridge,80,3820,0.2589236180838556,0.2564822794662926,0.942879848362214
nested_ridge,81,3830,0.24767804830979037,0.24562817868175216,0.8276347629622314
nested_ridge,82,3830,0.23328253124806686,0.23373778782173718,-0.19515244936459136
nested_ridge,83,3830,0.24863236721205045,0.24576222878136839,1.1543703914600225
nested_ridge,84,3830,0.18732492295118305,0.1865085135077048,0.43582531924542733
nested_ridge,85,3830,0.22558591606332987,0.2248169887889313,0.3408578371456032
nested_ridge,86,3830,0.23435000789791857,0.23427732882863972,0.031013043238518324
nested_ridge,87,3830,0.2136354738761474,0.21228648566326067,0.6314439209982473
nested_ridge,88,3830,0.3041835106780992,0.30184855587856424,0.767613863857957
nested_ridge,89,3830,0.2619347238015396,0.2611598907003507,0.2958115250790247
nested_ridge,90,3830,0.2548949729788803,0.25434697513197824,0.21498966436951894
nested_ridge,93,3830,0.2122979805398863,0.21048920412101194,0.8519988811360987
nested_ridge,94,3830,0.22962671607220242,0.22800814876146366,0.704868901330202
nested_ridge,95,3830,0.20325848602456334,0.20226578683325677,0.4883924950550906
nested_ridge,96,3830,0.1748533399927208,0.1739648160960792,0.5081538028833684
nested_ridge,97,3830,0.240406888330088,0.23945569263192468,0.39566075030982145
nested_ridge,98,3830,0.2719643820501527,0.27071583271350125,0.4590856079165647
nested_ridge,99,3830,0.2240146691234989,0.2240688484776478,-0.0241856278255703
nested_ridge,100,3829,0.2161792074654353,0.2144849037192995,0.7837496334640327
nested_ridge,101,3830,0.19984319574671622,0.19824637749630314,0.7990355860986663
nested_ridge,102,3830,0.23297138575583365,0.23222148736130985,0.3218843344605996
nested_ridge,103,3830,0.2717858469949975,0.2728281106533196,-0.3834870983334298
nested_ridge,104,3830,0.2326527052944187,0.23173547771201652,0.39424754646262816
nested_ridge,105,3830,0.23432729436803737,0.23612076068579732,-0.7653680816811337
nested_ridge,107,3830,0.23070876483373007,0.22965370767857776,0.45731125816250495
nested_ridge,108,3830,0.2194511522852501,0.21973399693045165,-0.12888729097848814
nested_ridge,109,3830,0.1949454914963446,0.19323347499506752,0.8782026648249969
nested_ridge,110,3830,0.29682556519345155,0.2982890890385274,-0.49305855582959485
nested_ridge,111,3830,0.22513783313269822,0.22484970355417125,0.12797919146585562
nested_ridge,112,3830,0.2809211771045451,0.2793163155471802,0.5712853597960108
nested_ridge,113,3830,0.2054594880604649,0.20506539607825444,0.19181006724522118
nested_ridge,114,3830,0.21340672799051869,0.21208312039164626,0.620227680418414
nested_ridge,115,3830,0.23998568267839196,0.23518473670046325,2.000513499116747
nested_ridge,116,3830,0.24677809593571787,0.24461464326364507,0.8766793762102552
nested_ridge,118,3830,0.22792955847490354,0.22686566655334223,0.4667634723113158
nested_ridge,119,3830,0.19600718295021347,0.19539444267162906,0.31261113463379775
nested_ridge,120,3830,0.19321510919914256,0.19347554810714038,-0.13479220599119343
nested_ridge,122,3830,0.20840135254746886,0.20640791729757813,0.9565366181760638
nested_ridge,123,3830,0.20980514808297,0.20901528221727347,0.37647592202272995
nested_ridge,124,3830,0.17639012735289536,0.17537944404247852,0.5729817907522778
nested_ridge,125,3830,0.2270139679847866,0.22618008077801796,0.36732858958904174
nested_ridge,126,3830,0.2348528964757575,0.23243407875027766,1.0299288455782418
